Individual,Cohort,Treatment,PhotoID,Cage,Species,Hatch Date,Caterpillar Move Date,Stage at move,Initial Mass,Day 7 date,Day 7 Mass,Day 7 node,Day 7 avaiable nodes,Ratio.location,Day 7 Leaf orientation,Date of pupation,Date of eclosion,Larval_duration,Pupal_duration,Adult wet mass,Adult dry mass,Growth rate (fil mass-initial mass)/days,Sex,Date of death,OE parasite,ColorStandard_Hue,ColorStandard_Saturation,ColorStandard_Brightness,ColorSwatch_Hue,ColorSwatch_Saturation,ColorSwatch_Brightness,Notes,Forewing_length_mm,Percent_black,Percent_white,Forewing_status,Hindwing_status,FW_Surface,HW_Surface,HW_area_double,FW_area_double,Total_wing_area,Adult wet mass,Wingloading,Mature_oocytes,Immature_oocytes,Toal_oocytes
AL1A,1,AL,,AL1,inc,,,,,,,,,,,,,,,,,,,,,,,,,,,,,,,,,,,,,,,,,,
AL1B,1,AL,,AL1,inc,6/26/23,6/27/23,Second instar,0.001145,7/4/23,0.092,10,17,0.588235294,U,,7/24/23,,,0.5731,0.1908,,M,,,20,73,87,23,94,69,,,,,,,,,,,,573.1,,,,
AL1C,1,AL,,AL1,inc,,,,,,,,,,,,,,,,,,,,,,,,,,,,,,,,,,,,,,,,,,
AL1D,1,AL,,AL1,inc,6/26/23,6/27/23,Second instar,0.001023,7/4/23,0.083,9,17,0.529411765,U,,,,,,,,,,,,,,,,,0.012,,,,,,,,,,,,,,,
AL1E,1,AL,AL1E_FW_F,AL1,inc,6/22/23,6/23/23,Second instar,0.001337,6/30/23,0.125,7,12,0.583333333,U,7/7/23,7/18/23,15,11,0.3996,0.133,,F,,N,21,76,85,23,82,63,,49.467,67.891,1.014,,difficult to select all of the wing,958.773,925.502,1851.004,1917.546,3768.55,399.6,0.106035478,,,
AL1F,1,AL,AL1F_FW_M,AL1,inc,6/24/23,6/25/23,Second instar,0.001631,7/2/23,0.096,9,11,0.818181818,U,7/9/23,7/20/23,15,11,0.6397,0.2545,,M,,N,21,77,83,25,89,76,,51.743,64.954,1.981,,,1040.597,1052.142,2104.284,2081.194,4185.478,639.7,0.152837979,,,
AL1G,1,AL,,AL1,inc,6/22/23,6/23/23,Second instar,0.001292,6/30/23,0.092,2,9,0.222222222,U,,,,,,,,,7/6/23,,,,,,,,missing on 7/6,,,,,,,,,,,,,,,
AL1H,1,AL,,AL1,inc,6/22/23,6/23/23,Second instar,0.001352,6/30/23,0.086,9,14,0.642857143,U,7/6/23,,14,,,,,,,,,,,,,,,,,,,,,,,,,,,,,
AL1I,1,AL,,AL1,inc,6/22/23,6/23/23,Second instar,0.001404,6/30/23,0.073,12,14,0.857142857,U,7/7/23,,15,,,,,,,,21,78,85,21,97,58,,,,,,,,,,,,,,,,
AL1J,1,AL,,AL1,inc,6/26/23,6/27/23,Second instar,0.00192,7/4/23,0.147,4,15,0.266666667,U,7/10/23,,14,,,,,,,,,,,,,,,,,,,,,,,,,,,,,
AL1K,1,AL,,AL1,inc,6/26/23,6/27/23,Second instar,0.00137,7/4/23,0.089,8,12,0.666666667,U,,,,,,,,,,,,,,,,,,,,,,,,,,,,,,,,
AL1L,1,AL,AL1L_FW_F,AL1,inc,6/24/23,6/25/23,Second instar,0.001907,7/2/23,0.123,1,18,0.055555556,A,7/9/23,7/21/23,15,12,0.6538,0.213,,F,,N,21,77,82,24,86,69,,51.597,65.494,1.632,bent,very broken,970.52,,,,,653.8,,,,
AL2A,1,AL,,AL2,inc,6/22/23,6/23/23,Second instar,0.001242,6/30/23,0.152,6,15,0.4,U,7/8/23,,16,,,,,,,,,,,,,,,,,,,,,,,,,,,,,
AL2B,1,AL,,AL2,inc,,,,,,,,,,,,,,,,,,,,,,,,,,,,,,,,,,,,,,,,,,
AL2C,1,AL,,AL2,inc,6/26/23,6/27/23,Second instar,0.001345,7/4/23,0.075,8,19,0.421052632,U,,,,,,,,,7/8/23,,,,,,,,,,,,,,,,,,,,,,,
AL2D,1,AL,,AL2,inc,,,,,,,,,,,,,,,,,,,,,,,,,,,,,,,,,,,,,,,,,,
AL2E,1,AL,AL2E_FW_M,AL2,inc,6/26/23,6/27/23,Second instar,0.001078,7/4/23,0.056,16,22,0.727272727,U,,7/24/23,,,0.407,0.1626,,M,,N,21,76,85,22,95,67,,52.951,65.772,2.116,,,1039.519,999.926,1999.852,2079.038,4078.89,407,0.099782049,,,
AL2F,1,AL,AL2F_FW_M,AL2,inc,6/22/23,6/23/23,Second instar,0.001401,6/30/23,0.158,11,14,0.785714286,U,7/9/23,7/21/23,17,12,0.9118,0.221,,M,,N,21,77,84,24,95,74,,52.399,62.401,2.124,,folded in on itself,980.778,,,1961.556,,911.8,,,,
AL2G,1,AL,AL2G_FW_F,AL2,inc,6/24/23,6/25/23,Second instar,0.001753,7/2/23,0.179,8,10,0.8,U,7/9/23,7/21/23,15,12,0.602,0.1922,,F,,N,21,76,83,22,84,68,,52.39,67.235,2.47,,difficult to select all of the wing,1009.231,934.906,1869.812,2018.462,3888.274,602,0.15482448,,,
AL2H,1,AL,,AL2,inc,6/22/23,6/23/23,Second instar,0.001623,6/30/23,0.073,5,14,0.357142857,U,,,,,,,,,7/5/23,,,,,,,,missing on 7/5,,,,,,,,,,,,,,,
AL2I,1,AL,,AL2,inc,6/26/23,6/27/23,Second instar,0.00163,7/4/23,0.107,8,11,0.727272727,U,,,,,,,,,,,,,,,,,,,,,,,,,,,,,,,,
AL2J,1,AL,AL2J_FW_F,AL2,inc,6/26/23,6/27/23,Second instar,0.00154,7/4/23,0.083,9,13,0.692307692,U,,7/24/23,,,0.3712,0.1794,,F,,N,21,76,86,22,92,56,,,,,,broken,,na,,,,371.2,,,,
AL2K,1,AL,,AL2,inc,6/22/23,6/23/23,Second instar,0.001337,6/30/23,0.122,7,12,0.583333333,U,7/7/23,,15,,,,,,,,,,,,,,,,,,,,,,,,,,,,,
AL2L,1,AL,AL2L_FW_M,AL2,inc,6/24/23,6/25/23,Second instar,0.000905,7/2/23,0.048,6,11,0.545454546,U,7/9/23,7/20/23,15,11,0.4987,0.174,,F,,N,21,76,84,22,78,63,,49.765,67.88,1.805,,,987.551,811.963,1623.926,1975.102,3599.028,498.7,0.13856519,,,
AL3A,1,AL,AL3A_FW_M,AL3,inc,6/22/23,6/23/23,Second instar,0.001353,6/30/23,0.191,12,13,0.923076923,U,7/8/23,7/21/23,16,13,0.8116,0.2097,,M,,N,21,76,84,24,95,77,,51.92,65.102,2.47,broken,broken,994.171,938.081,1876.162,1988.342,3864.504,811.6,0.210014015,,,
AL3B,1,AL,,AL3,inc,6/26/23,6/27/23,First instar,0.000583,7/4/23,,,,,,,,,,,,,,6/27/23,,,,,,,,HAVE A PHOTO OF A SMALL BLACK CATERPILLAR ON THE BOTTOM OF A LEAF,,,,,,,,,,,,,,,
AL3C,1,AL,,AL3,inc,6/22/23,6/23/23,Second instar,0.001518,6/30/23,0.11,4,5,0.8,U,,,,,,,,,7/7/23,,,,,,,,missing on 7/7,,,,,,,,,,,,,,,
AL3D,1,AL,AL3D_FW_M,AL3,inc,6/22/23,6/23/23,Second instar,0.001371,6/30/23,0.119,15,23,0.652173913,U,7/8/23,7/20/23,16,12,0.7124,0.1921,,M,,N,21,76,85,24,94,78,,52.991,64.331,2.382,broken,difficult to select all of the wing,948.867,974.282,1948.564,1897.734,3846.298,712.4,0.185217058,,,
AL3E,1,AL,,AL3,inc,6/24/23,6/25/23,Second instar,0.001173,7/2/23,0.122,3,7,0.428571429,U,7/10/23,,16,,,,,,,,,,,,,,,,,,,,,,,,,,,,,
AL3F,1,AL,,AL3,inc,,,,,,,,,,,,,,,,,,,,,,,,,,,,,,,,,,,,,,,,,,
AL3G,1,AL,,AL3,inc,6/26/23,6/27/23,Second instar,0.00107,7/4/23,0.044,,,,,,,,,,,,,,,,,,,,,,,,,,,,,,,,,,,,
AL3H,1,AL,,AL3,inc,6/24/23,6/25/23,Second instar,0.001407,7/2/23,0.102,1,15,0.066666667,U,7/10/23,,16,,,,,,,,,,,,,,,,,,,,,,,,,,,,,
AL3I,1,AL,,AL3,inc,,,,,,,,,,,,,,,,,,,,,,,,,,,,,,,,,,,,,,,,,,
AL3J,1,AL,,AL3,inc,6/26/23,6/27/23,Second instar,0.001173,7/4/23,0.067,8,12,0.666666667,U,,,,,,,,,,,,,,,,,,,,,,,,,,,,,,,,
AL3K,1,AL,,AL3,inc,6/22/23,6/23/23,Second instar,0.000997,6/30/23,0.151,7,11,0.636363636,U,7/8/23,7/25/23,16,17,0.776,0.2027,,F,,,20,74,86,23,88,67,,,,,,,,,,,,776,,,,
AL3L,1,AL,AL3L_FW_M,AL3,inc,6/26/23,6/27/23,Second instar,0.001377,7/4/23,0.086,7,9,0.777777778,U,7/10/23,7/21/23,14,11,0.6389,0.1881,,M,,,21,76,83,24,93,73,,52.13,64.758,1.604,broken,difficult to select all of the wing,931.467,972.313,1944.626,1862.934,3807.56,638.9,0.16779775,,,
AL1A,2,AL,,AL1,inc,7/16/23,7/17/23,First instar,0.000438,7/24/23,,,,,,,,,,,,,,7/20/23,,,,,,,,7/16: dead/not very mobile; 7/20: missing,,,,,,,,,,,,,,,
AL1B,2,AL,AL1B_FW_LM_2,AL1,syr,7/14/23,7/14/23,First instar,0.000429,7/21/23,0.094,,,,,7/29/23,8/12/23,15,14,0.5182,0.1553,,M,,,20,74,85,24,98,68,,50.562,62.546,1.972,,,961.723,933.757,1867.514,1923.446,3790.96,518.2,0.136693608,,,
AL1C,2,AL,,AL1,inc,7/14/23,7/14/23,First instar,0.00026,7/21/23,,,,,,,,,,,,,,7/21/23,,,,,,,,missing,,,,,,,,,,,,,,,
AL1D,2,AL,,AL1,inc,7/16/23,7/16/23,First instar,0.000306,7/23/23,,,,,,,,,,,,,,7/23/23,,,,,,,,darkened & shriveled/small,,,,,,,,,,,,,,,
AL1E,2,AL,AL1E_FW_LM_2,AL1,inc,7/14/23,7/14/23,First instar,0.000331,7/21/23,0.1,,,,,,,,,,,,,7/23/23,,,,,,,,missing,49.028,71.004,1.892,slightly broken wing,,953.846,952.536,1905.072,1907.692,3812.764,0,,,,
AL1F,2,AL,AL1F_FW_LM_2,AL1,syr,7/14/23,7/14/23,First instar,0.000727,7/21/23,,,,,,,,,,,,,,7/21/23,,,,,,,,missing,51.479,65.545,2.219,,,1043.526,1052.662,2105.324,2087.052,4192.376,0,,,,
AL1G,2,AL,,AL1,syr,7/14/23,7/14/23,First instar,0.000616,7/21/23,,,,,,,,,,,,,,7/21/23,,,,,,,,missing,,,,,,,,,,,,,,,
AL1H,2,AL,,AL1,inc,,,,,,,,,,,,,,,,,,,,,,,,,,,,,,,,,,,,,,,,,,
AL1I,2,AL,,AL1,syr,7/16/23,7/17/23,First instar,0.000813,7/24/23,0.156,,,,,,,,,,,,,7/30/23,,,,,,,,7/16: most likely dead -> bring replacement on 7/17,,,,,,,,,,,,,,,
AL1J,2,AL,,AL1,syr,,,,,,,,,,,,,,,,,,,,,,,,,,,,,,,,,,,,,,,,,,
AL1K,2,AL,,AL1,syr,7/14/23,7/14/23,First instar,0.000635,,,,,,,,,,,,,,,7/21/23,,,,,,,,missing,,,,,,,,,,,,,,,
AL1L,2,AL,AL1L_FW_LM_2,AL1,inc,7/14/23,7/14/23,First instar,0.000356,7/21/23,0.066,,,,,,,,,,,,,7/28/23,,,,,,,,missing,52.037,68.77,2.422,bent,broken,950.602,na,,1901.204,,0,,,,
AL2A,2,AL,,AL2,inc,7/16/23,7/16/23,First instar,0.000327,7/23/23,,,,,,,,,,,,,,7/28/23,,,,,,,,missing,,,,,,,,,,,,,,,
AL2B,2,AL,AL2B_FW_LM_2,AL2,syr,7/14/23,7/14/23,First instar,0.000823,7/21/23,0.129,,,,,7/28/23,8/11/23,14,14,0.4266,0.1565,,F,,,20,74,84,22,89,62,,51.052,68.227,2.09,,,1105.425,977.617,1955.234,2210.85,4166.084,426.6,0.102398319,,,
AL2C,2,AL,AL2C_FW_LM_2,AL2,inc,7/14/23,7/14/23,First instar,0.00028,7/21/23,0.097,,,,,7/31/23,8/16/23,17,16,0.4538,0.1541,,F,,,20,72,88,21,83,53,plant 10 given on 7/25,46.567,66.85,2.068,,,759.346,,,1518.692,,453.8,,,,
AL2D,2,AL,,AL2,syr,,,,,,,,,,,,,,,,,,,,,,,,,,,,,,,,,,,,,,,,,,
AL2E,2,AL,AL2E_FW_LM_2,AL2,syr,7/14/23,7/14/23,First instar,0.000545,7/21/23,,,,,,,,,,,,,,7/21/23,,,,,,,,missing,53.125,64.898,2.133,,difficult to select all of the wing,1036.343,,,2072.686,,0,,,,
AL2F,2,AL,AL2F_FW_LM_2,AL2,syr,7/16/23,7/16/23,First instar,0.000435,7/23/23,,,,,,,,,,,,,,7/23/23,,,,,,,,missing,52.531,63.709,2.171,damaged,damaged and folded,987.491,na,,1974.982,,0,,,,
AL2G,2,AL,AL2G_FW_LM_2,AL2,inc,7/14/23,7/14/23,First instar,0.000283,7/21/23,0.047,,,,,7/30/23,8/12/23,16,13,0.4349,0.1423,,F,,,20,72,87,21,88,56,,48.187,69.349,3.068,,difficult to select all of the wing,890.438,861.625,1723.25,1780.876,3504.126,434.9,0.124110834,,,
AL2H,2,AL,,AL2,syr,7/14/23,7/14/23,First instar,0.000289,7/21/23,,,,,,,,,,,,,,7/21/23,,,,,,,,missing,,,,,,,,,,,,,,,
AL2I,2,AL,AL2I_FW_LM_2,AL2,inc,7/16/23,7/16/23,First instar,0.00059,7/23/23,0.089,,,,,7/30/23,8/14/23,14,15,0.4546,0.1691,,F,,,20,74,86,23,92,62,,50.528,69.846,2.478,,,999.406,952.336,1904.672,1998.812,3903.484,454.6,0.116460065,,,
AL2J,2,AL,AL2J_FW_LM_2,AL2,inc,7/14/23,7/14/23,First instar,0.00021,7/21/23,,,,,,,,,,,,,,7/21/23,,,,,,,,missing,52.319,64.635,1.314,damaged,broken,,na,,,,,,,,
AL2K,2,AL,,AL2,syr,7/14/23,7/14/23,First instar,0.000614,7/21/23,0.353,,,,,7/28/23,8/10/23,14,13,,,,,,,,,,,,,,,,,,,,,,,,,,,,
AL2L,2,AL,,AL2,inc,,,,,,,,,,,,,,,,,,,,,,,,,,,,50.793,66.674,2.331,,,996.436,896.171,1792.342,1992.872,3785.214,0,,,,
AL3A,2,AL,AL3A_FW_LM_2,AL3,syr,7/14/23,7/14/23,First instar,0.00035,7/21/23,0.162,,,,,7/29/23,8/12/23,15,14,0.5145,0.1643,,F,,,20,74,85,23,94,65,,49.026,66.466,1.804,,,926.682,894.372,1788.744,1853.364,3642.108,514.5,0.141264345,,,
AL3B,2,AL,AL3B_FW_LM_2,AL3,inc,7/16/23,7/16/23,First instar,0.000233,7/23/23,0.025,,,,,,,,,,,,,7/30/23,,,,,,,,missing,55.679,64.132,2.01,,,1210.096,1136.957,2273.914,2420.192,4694.106,0,,,,
AL3C,2,AL,,AL3,inc,7/14/23,7/14/23,First instar,0.000463,7/21/23,,,,,,7/31/23,8/14/23,17,14,0.6241,0.1807,,M,7/21/23,,20,73,86,22,98,67,missing,51.795,63.878,1.989,,,1051.533,1003.604,2007.208,2103.066,4110.274,624.1,0.151839026,,,
AL3D,2,AL,AL3D_FW_LM_2,AL3,inc,7/14/23,7/14/23,First instar,0.00029,7/21/23,0.112,,,,,,,,,,,,,8/2/23,,,,,,,,"dead: discoloration on white stripes, twitching, couldn't walk",52.523,65.319,2.523,damaged,difficult to select all of the wing,940.539,1000.72,2001.44,1881.078,3882.518,0,,,,
AL3E,2,AL,,AL3,inc,,,,,,,,,,,,,,,,,,,,,,,,,,,,,,,,,,,,,,0,,,,
AL3F,2,AL,,AL3,syr,7/14/23,7/14/23,First instar,0.000486,7/21/23,,,,,,,,,,,,,,7/21/23,,,,,,,,missing,,,,,,,,,,,0,,,,
AL3G,2,AL,,AL3,syr,7/14/23,7/14/23,First instar,0.00059,7/21/23,,,,,,,,,,,,,,7/21/23,,,,,,,,missing,,,,,,,,,,,0,,,,
AL3H,2,AL,,AL3,inc,7/14/23,7/14/23,First instar,0.00021,7/21/23,,,,,,,,,,,,,,7/21/23,,,,,,,,missing,,,,,,,,,,,0,,,,
AL3I,2,AL,,AL3,syr,,,,,,,,,,,,,,,,,,,,,,,,,,,,,,,,,,,,,,0,,,,
AL3J,2,AL,,AL3,syr,7/16/23,7/16/23,First instar,0.000191,7/23/23,,,,,,,,,,,,,,7/23/23,,,,,,,,missing,,,,,,,,,,,0,,,,
AL3K,2,AL,AL3K_FW_LM_2,AL3,inc,7/16/23,7/17/23,First instar,0.001145,7/24/23,0.09,,,,,8/1/23,8/14/23,16,13,0.4953,0.1453,,F,,,20,73,86,24,90,69,7/16: looks dead/immobile,52.839,67.603,2.173,,,1077.214,925.939,1851.878,2154.428,4006.306,495.3,0.123630097,,,
AL3L,2,AL,AL3L_FW_LM_2,AL3,syr,7/16/23,7/16/23,First instar,0.000435,7/23/23,,,,,,,,,,,,,,7/23/23,,,,,,,,missing,51.582,65.057,1.559,damaged,,930.355,968.233,1936.466,1860.71,3797.176,0,,,,
AL4A,2,AL,,AL4,syr,7/14/23,7/14/23,First instar,0.000475,7/21/23,0.061,,,,,,,,,,,,,7/28/23,,,,,,,,missing,,,,,,,,,,,,,,,
AL4B,2,AL,,AL4,inc,7/16/23,7/16/23,First instar,0.000282,7/23/23,,,,,,,,,,,,,,7/23/23,,,,,,,,missing,,,,,,,,,,,,,,,
AL4C,2,AL,AL4C_FW_LM_2,AL4,syr,7/14/23,7/14/23,First instar,0.000619,7/21/23,0.183,,,,,7/28/23,8/10/23,14,13,0.5111,0.1735,,M,,,20,73,87,23,97,68,,50.401,63.936,1.758,,,984.733,1029.51,2059.02,1969.466,4028.486,511.1,0.126871485,,,
AL4D,2,AL,,AL4,inc,,,,,,,,,,,,,,,,,,,,,,,,,,,,,,,,,,,,,,,,,,
AL4E,2,AL,AL4E_FW_LM_2,AL4,inc,7/14/23,7/14/23,First instar,0.000293,7/21/23,0.054,,,,,7/31/23,8/14/23,17,14,0.5106,0.1533,,M,,,20,74,85,23,98,67,,48.19,62.946,1.582,,,883.059,903.806,1807.612,1766.118,3573.73,510.6,0.142875931,,,
AL4F,2,AL,,AL4,syr,,,,,,,,,,,,,,,,,,,,,,,,,,,,,,,,,,,,,,,,,,
AL4G,2,AL,,AL4,inc,7/16/23,7/17/23,First instar,0.000809,7/24/23,0.056,,,,,,,,,,,,,7/31/23,,,,,,,,"dead: black, shriveled",,,,,,,,,,,,,,,
AL4H,2,AL,AL4H_FW_LM_2,AL4,syr,7/14/23,7/14/23,First instar,0.000459,7/21/23,0.261,,,,,7/29/23,8/12/23,15,14,0.5516,0.1696,,M,,,20,72,88,24,95,71,,47.764,64.753,1.737,,difficult to select all of the wing,901.539,944.474,1888.948,1803.078,3692.026,551.6,0.149403065,,,
AL4I,2,AL,AL4I_FW_LM_2,AL4,inc,7/14/23,7/14/23,First instar,0.000249,7/21/23,0.06,,,,,7/30/23,8/11/23,16,12,0.675,0.1757,,F,,,20,73,88,24,88,70,,49.701,69.112,1.809,,,939.761,814.744,1629.488,1879.522,3509.01,675,0.192361948,,,
AL4J,2,AL,AL4J_FW_LM_2,AL4,inc,7/14/23,7/14/23,First instar,0.000344,7/21/23,0.154,,,,,7/30/23,8/13/23,16,14,0.4672,0.1721,,M,,,20,73,86,23,96,67,,50.802,66.667,2.08,,,987.544,945.348,1890.696,1975.088,3865.784,467.2,0.120855175,,,
AL4K,2,AL,,AL4,syr,7/16/23,7/16/23,First instar,0.000211,7/23/23,,,,,,,,,,,,,,7/23/23,,,,,,,,missing,,,,,,,,,,,0,,,,
AL4L,2,AL,,AL4,syr,7/14/23,7/14/23,First instar,0.000309,7/21/23,,,,,,,,,,,,,,7/21/23,,,,,,,,missing,,,,,,,,,,,0,,,,
AL1A,3,AL,AL1I_FW_LM_3,AL1,inc,8/1/23,8/2/23,First instar,0.001519,8/9/23,0.104,,,,,,,,,,,,,,,,,,,,,,,,,,,,,,,,0,,,,
AL1B,3,AL,,AL1,syr,8/1/23,8/2/23,First instar,0.000658,8/9/23,0.015,,,,,,,,,,,,,,,,,,,,,,,,,,,,,,,,0,,,,
AL1C,3,AL,,AL1,inc,,,,,,,,,,,,,,,,,,,,,,,,,,,,,,,,,,,,,,0,,,,
AL1D,3,AL,,AL1,syr,,,,,,,,,,,,,,,,,,,,,,,,,,,,,,,,,,,,,,0,,,,
AL1E,3,AL,AL1E_FW_LM_3,AL1,inc,8/1/23,8/2/23,First instar,0.001586,8/9/23,,,,,,,,,,,,,,,,,,,,,,,,,,,,958.162,905.896,1811.792,1916.324,3728.116,0,,,,
AL1F,3,AL,AL1F_FW_LM_3,AL1,syr,8/1/23,8/2/23,First instar,0.000467,8/9/23,,,,,,,,,,,,,,,,,,,,,,,,,,,,1040.097,1051.097,2102.194,2080.194,4182.388,0,,,,
AL1G,3,AL,AL1G(right)_FW-LM-3,AL1,inc,8/1/23,8/2/23,First instar,0.003514,8/9/23,0.162,,,,,8/21/23,9/7/23,20,17,0.3024,,,F,,,21,76,86,23,89,57,,44.798,68.029,1.377,slightly broken,,784.507,761.27,1522.54,1569.014,3091.554,302.4,0.097814885,,,
AL1H,3,AL,,AL1,inc,8/1/23,8/2/23,First instar,0.000851,8/9/23,0.01,6,,,U,,,,,,,,,,,,,,,,,,,,,,,,,,,,,,,,
AL1I,3,AL,,AL1,syr,8/2/23,8/3/23,First instar,0.001005,8/10/23,0.1,6,,,U,8/21/23,9/7/23,19,17,0.3291,,,M,,,20,75,87,21,90,56,,50.549,66.306,1.33,,,1001.93,978.759,1957.518,2003.86,3961.378,329.1,0.083077151,,,
AL1J,3,AL,,AL1,syr,8/1/23,8/2/23,First instar,0.000631,8/9/23,0.066,1,,,A,8/22/23,,21,,,,,,,,,,,,,,,,,,,,,,0,0,0,0,,,,
AL1K,3,AL,AL1K_FW_LM_3,AL1,inc,8/2/23,8/3/23,First instar,0.001513,8/10/23,0.098,5,,,U,8/24/23,9/9/23,22,16,0.3004,,,F,,,21,75,91,23,86,58,,47.28,70.715,1.386,,,845.359,810.128,1620.256,1690.718,3310.974,300.4,0.090728589,,,
AL1L,3,AL,AL1L_FW_LM_3,AL1,syr,8/2/23,8/3/23,First instar,0.001041,8/10/23,0.079,6,,,U,8/21/23,,19,,,,,,,,,,,,,,,,,,,,985.852,na,,1971.704,,,,,,
AL2A,3,AL,,AL2,inc,8/1/23,8/2/23,First instar,0.001305,8/9/23,0.033,2,,,U,8/27/23,,26,,,,,,,,,,,,,,,,,,,,,,,,,,,,,
AL2B,3,AL,,AL2,syr,,,,,,,,,,,,,,,,,,,,,,,,,,,,,,,,,,,,,,,,,,
AL2C,3,AL,AL2C_FW_LM_3,AL2,syr,8/2/23,8/3/23,First instar,0.001118,8/10/23,0.093,3,,,U,8/23/23,9/7/23,21,15,0.3434,,,F,,,21,76,87,22,88,57,,49.445,64.917,1.503,,,928.595,893.379,1786.758,1857.19,3643.948,343.4,0.094238447,,,
AL2D,3,AL,,AL2,inc,8/1/23,8/2/23,First instar,0.000865,8/9/23,0.04,3,,,U,,,,,,,,,,,,,,,,,,,,,,,,,,,,,,,,
AL2E,3,AL,AL2E_FW_LM_3,AL2,inc,,,,,,,,,,,,,,,,,,,,,,,,,,,,,,,,,1058.071,1001.714,2003.428,2116.142,4119.57,0,,,,
AL2F,3,AL,AL2F_FW_LM_3,AL2,syr,8/2/23,8/3/23,First instar,0.001281,8/10/23,0.114,3,,,A,8/22/23,9/7/23,20,16,0.353,,,M,,,,,,,,,,51.329,62.045,1.562,,,1002.318,900.301,1800.602,2004.636,3805.238,353,0.092766865,,,
AL2G,3,AL,AL2G_FW_LM_3,AL2,syr,8/2/23,8/3/23,First instar,0.001167,8/10/23,0.078,2,,,U,8/23/23,,21,,,,,,,,,,,,,,,,,,,,1009.729,928.087,1856.174,2019.458,3875.632,,,,,
AL2H,3,AL,AL2H_FW_LM_3,AL2,syr,8/2/23,8/3/23,First instar,0.001101,8/10/23,0.091,3,,,U,8/22/23,9/7/23,20,16,0.4112,,,F,,,21,76,87,22,88,56,,53.99,64.925,2.017,,,1107.019,1065.097,2130.194,2214.038,4344.232,411.2,0.094654245,,,
AL2I,3,AL,AL2I(right)_FW_LM_3,AL2,syr,8/1/23,8/2/23,First instar,0.000737,8/9/23,0.097,3,,,U,8/21/23,9/5/23,20,15,0.2673,,,F,,,,,,,,,,46.422,66.229,1.356,,,808.788,733.199,1466.398,1617.576,3083.974,267.3,0.086673882,,,
AL2J,3,AL,AL2J_FW_LM_3,AL2,inc,8/2/23,8/3/23,First instar,0.001548,8/10/23,0.09,6,,,U,8/22/23,9/7/23,20,16,0.2722,,,F,,,,,,,,,,46.291,67.42,1.659,,broken,823.839,,,1647.678,,272.2,,,,
AL2K,3,AL,AL2K_FW_LM_3,AL2,inc,8/1/23,8/2/23,First instar,0.00131,8/9/23,0.067,6,,,U,8/22/23,9/7/23,21,16,0.3588,,,F,,,21,77,87,22,90,56,,48.158,66.395,1.367,,,928.105,899.813,1799.626,1856.21,3655.836,358.8,0.098144446,,,
AL2L,3,AL,AL2L_FW_LM_3,AL2,inc,8/2/23,8/3/23,First instar,0.001441,8/10/23,0.067,6,,,U,8/23/23,9/9/23,21,17,0.3522,,,M,,,21,76,88,21,94,62,,48.324,63.6,1.839,,,921.341,883.903,1767.806,1842.682,3610.488,352.2,0.09754914,,,
AL3A,3,AL,AL3A_FW_LM_3,AL3,inc,8/1/23,8/2/23,First instar,0.001224,8/9/23,0.097,,,,,8/22/23,9/7/23,21,16,0.3507,,,M,,,21,76,87,22,93,60,,45.864,64.389,1.544,,,807.404,800.815,1601.63,1614.808,3216.438,350.7,0.109033658,,,
AL3B,3,AL,AL3B_FW_LM_3,AL3,syr,8/2/23,8/3/23,First instar,0.001182,8/10/23,0.107,3,,,U,8/21/23,9/7/23,19,17,0.2468,,,F,,,21,77,85,22,92,56,,49.096,68.908,1.366,,,931.644,914.184,1828.368,1863.288,3691.656,246.8,0.066853466,,,
AL3C,3,AL,AL3C_FW_LM_3,AL3,syr,8/1/23,8/2/23,First instar,0.000827,8/9/23,0.074,2,,,U,8/19/23,9/5/23,18,17,0.3117,,,F,,,21,76,87,22,90,53,,48.987,66.598,2.161,,,973.891,923.035,1846.07,1947.782,3793.852,311.7,0.082159241,,,
AL3D,3,AL,AL3D_FW_LM_3,AL3,syr,8/2/23,8/3/23,First instar,0.000642,8/10/23,0.087,2,,,U,8/22/23,9/9/23,20,18,0.3817,,,M,,,20,76,85,21,97,58,,52.515,63.52,1.151,broken,,984.034,991.806,1983.612,1968.068,3951.68,381.7,0.096591829,,,
AL3E,3,AL,AL3E_FW_LM_3,AL3,inc,8/1/23,8/2/23,First instar,0.001474,8/9/23,0.058,6,,,U,8/21/23,9/7/23,20,17,0.3471,,,F,,,21,76,87,22,88,57,,49.393,64.659,1.469,,,870.702,847.821,1695.642,1741.404,3437.046,347.1,0.100987883,,,
AL3F,3,AL,,AL3,inc,,,,,,,,,,,,,,,,,,,,,21,77,86,21,96,55,,,,,,,,,,,,,,,,
AL3G,3,AL,,AL3,inc,8/1/23,8/2/23,First instar,0.001424,8/9/23,0.036,2,,,U,,,,,,,,,,,,,,,,,,,,,,,,,,,,,,,,
AL3H,3,AL,,AL3,inc,8/1/23,8/2/23,First instar,0.001358,8/9/23,0.084,,,,,,,,,,,,,,,,,,,,,,,,,,,,,,,,,,,,
AL3I,3,AL,AL3I_FW_LM_3,AL3,syr,8/1/23,8/2/23,First instar,0.000736,8/9/23,0.074,3,,,U,8/24/23,9/9/23,23,16,0.2891,,,F,,,20,76,85,22,89,53,,50.088,67.526,1.786,,,1012.854,1096.062,2192.124,2025.708,4217.832,289.1,0.068542322,,,
AL3J,3,AL,AL3J_FW_LM_3,AL3,inc,8/2/23,8/3/23,First instar,0.001339,8/10/23,0.076,1,,,A,8/24/23,9/9/23,22,16,0.3611,,,M,,,20,76,85,22,96,60,,47.542,61.775,2.134,,,926.46,898.521,1797.042,1852.92,3649.962,361.1,0.098932537,,,
AL3K,3,AL,,AL3,syr,,,,,,,,,,,,,,,,,,,,,,,,,,,,,,,,,,,,,,,,,,
AL3L,3,AL,AL3L_FW_LM_3,AL3,syr,8/2/23,8/3/23,First instar,0.00151,8/10/23,0.175,3,,,U,8/20/23,,18,,,,,,,,,,,,,,,,,,,,934.157,984.613,1969.226,1868.314,3837.54,0,,,,
AL4A,3,AL,AL4A_FW_LM_3,AL4,inc,8/1/23,8/2/23,First instar,0.001257,8/9/23,0.089,1,,,A,8/22/23,9/7/23,21,16,0.317,,,M,,,21,76,87,21,91,60,,46.09,62.407,1.996,,difficult to select all of the wing,808.982,772.548,1545.096,1617.964,3163.06,317,0.100219408,,,
AL4B,3,AL,AL4B_FW_LM_3,AL4,syr,8/2/23,8/3/23,First instar,0.001048,8/10/23,0.121,3,,,U,8/22/23,9/7/23,20,16,0.3158,,,M,,,21,76,87,22,96,63,,43.948,67.712,1.566,,,824.999,826.485,1652.97,1649.998,3302.968,315.8,0.095610978,,,
AL4C,3,AL,,AL4,inc,8/1/23,8/2/23,First instar,0.001432,8/9/23,,,,,,8/23/23,,22,,,,,,,,,,,,,,,,,,,,,,,,,,,,,
AL4D,3,AL,,AL4,inc,,,,,,,,,,,,,,,,,,,,,,,,,,,,,,,,,,,,,,,,,,
AL4E,3,AL,AL4E_FW_LM_3,AL4,syr,8/1/23,8/2/23,First instar,0.000668,8/9/23,0.077,2,,,U,8/22/23,9/7/23,21,16,0.4313,,,M,,,21,77,85,20,96,53,,53.028,64.199,1.519,,,1089.91,1050.708,2101.416,2179.82,4281.236,431.3,0.100741935,,,
AL4F,3,AL,,AL4,syr,8/1/23,8/2/23,First instar,0.000631,8/9/23,,,,,,,,,,,,,,Dead 8/6/23,,,,,,,,,,,,,,,,,,,,,,,
AL4G,3,AL,AL4G_FW_LM_3,AL4,inc,8/1/23,8/2/23,First instar,0.001421,8/9/23,0.078,7,,,U,8/22/23,9/7/23,21,16,0.3368,,,M,,,21,77,86,22,95,61,,44.991,65.902,1.247,,,797.439,813.901,1627.802,1594.878,3222.68,336.8,0.10450929,,,
AL4H,3,AL,,AL4,inc,8/1/23,8/2/23,First instar,0.001422,8/9/23,0.064,,,,,,,,,,,,,,,,,,,,,,,,,,,,,,,,,,,,
AL4I,3,AL,AL4I_FW_LM_3,AL4,syr,8/2/23,8/3/23,First instar,0.000938,8/10/23,0.081,,,,U,8/22/23,9/7/23,20,16,0.4032,,,F,,,21,76,87,22,87,59,,47.048,55.723,0.477,"broken, missing large portion of wing",,,1016.845,2033.69,0,,403.2,,,,
AL4J,3,AL,,AL4,syr,,,,,,,,,,,,,,,0.3713,,,M,,,,,,,,,,,,,,,,,,,,371.3,,,,
AL4K,3,AL,AL4K_FW_LM_3,AL4,syr,8/1/23,8/2/23,First instar,0.000645,8/9/23,0.013,,,,U,8/23/23,9/7/23,22,15,,,,,,,21,77,86,21,97,60,,52.004,63.5,1.893,,,1051.92,1016.465,2032.93,2103.84,4136.77,0,0,,,
AL4L,3,AL,AL4L_FW_LM_3,AL4,inc,8/1/23,8/2/23,First instar,0.001782,8/9/23,,,,,,8/22/23,9/7/23,21,16,,,,,Dead 8/6/23,,21,76,87,22,96,62,Large spider in enclosure,45.282,64.446,1.608,,,767.014,817.804,1635.608,1534.028,3169.636,0,0,,,
ML1A,1,ML,,ML1,inc,6/22/23,6/23/23,Second instar,0.001606,6/30/23,0.128,9,12,0.75,U,,,,,,,,,6/30/23,TBD,,,,,,,Died on the scale. Excreted a green liquid and had dull color. Could potentially be OE,,,,,,,,,,,,,,,
ML1B,1,ML,ML1B_FW_M,ML1,inc,6/22/23,6/23/23,Second instar,0.001376,6/30/23,0.082,10,13,0.769230769,U,7/8/23,7/20/23,16,12,0.6216,0.2235,,M,,N,21,76,84,24,95,74,,54.154,63.257,1.838,,,1127.991,1022.887,2045.774,2255.982,4301.756,621.6,0.14449913,,,
ML1C,1,ML,,ML1,inc,6/26/23,6/27/23,Second instar,0.000834,7/4/23,,,,,,,,,,,,,,7/4/23,,,,,,,,"sign of caterpillar presence due to damaged leaves. Could not locate the caterpillar, but we did find a lot of poop",,,,,,,,,,,,,,,
ML1D,1,ML,,ML1,inc,6/26/23,6/27/23,Second instar,0.001292,7/4/23,0.108,5,6,0.833333333,U,,,,,,,,,7/8/23,,,,,,,,,,,,,,,,,,,,,,,
ML1E,1,ML,ML1E_FW_M,ML1,inc,6/22/23,6/23/23,Second instar,0.001256,6/30/23,0.086,7,10,0.7,U,7/8/23,7/20/23,16,12,0.5572,0.211,,M,,N,21,79,82,24,93,71,,51.069,66.328,2.058,,,1039.139,970.862,1941.724,2078.278,4020.002,557.2,0.138606896,,,
ML1F,1,ML,ML1F_FW_F,ML1,inc,6/22/23,6/23/23,Second instar,0.0021,6/30/23,0.155,3,6,0.5,U,7/8/23,7/20/23,16,12,0.4186,0.1485,,F,,N,21,76,84,23,85,53,,47.635,65.76,1.196,,,874.563,885.002,1770.004,1749.126,3519.13,418.6,0.118949854,,,
ML1G,1,ML,ML1G_FW_F,ML1,inc,6/26/23,6/27/23,Second instar,0.000758,7/4/23,0.066,9,11,0.818181818,U,,7/24/23,,,0.5889,0.1782,,F,,N,21,75,85,23,92,75,,49.537,68.311,1.846,,difficult to select all of the wing,924.837,920.184,1840.368,1849.674,3690.042,588.9,0.159591679,,,
ML1H,1,ML,,ML1,inc,6/26/23,6/27/23,Second instar,0.001248,7/4/23,0.082,8,11,0.727272727,U,,,,,,,,,7/8/23,,,,,,,,"excreted green liquid on 7/4, but was still alive when measured. Will need to continue checking for OE.",,,,,,,,,,,,,,,
ML1I,1,ML,,ML1,inc,,,,,,,,,,,,,,,,,,,,,,,,,,,,,,,,,,,,,,,,,,
ML1J,1,ML,ML1J_FW_F,ML1,inc,6/26/23,6/27/23,Second instar,0.000749,7/4/23,0.115,4,5,0.8,U,,7/24/23,,,0.4801,0.1809,,F,,,21,75,85,22,84,59,,51.756,69.276,1.14,,,1023.104,1004.7,2009.4,2046.208,4055.608,480.1,0.118379291,,,
ML1K,1,ML,,ML1,inc,,,,,,,,,,,,,,,,,,,,,,,,,,,,,,,,,,,,,,,,,,
ML1L,1,ML,,ML1,inc,6/26/23,6/27/23,Second instar,0.000801,7/4/23,0.068,14,16,0.875,U,,,,,,,,,,,,,,,,,,,,,,,,,,,,,,,,
ML2A,1,ML,,ML2,inc,6/26/23,6/27/23,Second instar,0.001966,7/4/23,0.072,8,11,0.727272727,U,7/11/23,,15,,,,,,,,,,,,,,,,,,,,,,,,,,,,,
ML2B,1,ML,,ML2,inc,6/26/23,6/27/23,Second instar,0.001806,7/4/23,0.206,12,13,0.923076923,A,7/10/23,,14,,,,,,,,,,,,,,,,,,,,,,,,,,,,,
ML2C,1,ML,,ML2,inc,6/24/23,6/25/23,,0.00118,7/2/23,0.112,8,9,0.888888889,U,,,,,,,,,7/8/23,,,,,,,,,,,,,,,,,,,,,,,
ML2D,1,ML,,ML2,inc,6/26/23,6/27/23,Second instar,0.000676,7/4/23,0.086,10,14,0.714285714,U,,7/22/23,,,,,,F,,,21,76,87,21,93,58,,,,,,,,,,,,,,,,
ML2E,1,ML,,ML2,inc,,,,,,,,,,,,,,,,,,,,,,,,,,,,,,,,,,,,,,,,,,
ML2F,1,ML,,ML2,inc,6/22/23,6/23/23,Second instar,0.001395,6/30/23,,,,,,,,,,,,,,6/30/23,,,,,,,,No caterpillar was found and there was no plant damage,,,,,,,,,,,,,,,
ML2G,1,ML,,ML2,inc,6/26/23,6/27/23,Second instar,0.000759,7/4/23,0.083,12,16,0.75,U,,7/23/23,,,0.6422,0.2156,,M,,N,21,75,85,23,92,75,,54.718,65.563,1.997,,,1134.232,1088.812,2177.624,2268.464,4446.088,642.2,0.144441586,,,
ML2H,1,ML,ML2H_FW_F,ML2,inc,6/22/23,6/23/22,Second instar,0.001272,6/30/22,0.144,15,18,0.833333333,U,7/8/23,7/20/23,16,12,0.4669,0.1674,,F,,N,21,75,85,22,85,58,,,,,,,1068.489,1016.452,2032.904,2136.978,4169.882,466.9,0.111969595,,,
ML2I,1,ML,,ML2,inc,,,,,,,,,,,,,,,,,,,,,,,,,,,,,,,,,,,,,,,,,,
ML2J,1,ML,ML2J_FW_F,ML2,inc,6/22/23,6/23/23,Second instar,0.001419,6/30/23,0.022,1,14,0.071428571,U,7/9/23,7/22/23,17,13,0.4946,0.1801,,F,,N,21,76,84,23,88,60,,,,,,,922.954,870.6,1741.2,1845.908,3587.108,494.6,0.137882662,,,
ML2K,1,ML,,ML2,inc,6/26/23,6/27/23,Second instar,0.00098,7/4/23,0.063,10,20,0.5,U,7/10/23,,14,,,,,,,,,,,,,,,,,,,,,,,,,,,,,
ML2L,1,ML,,ML2,inc,6/22/23,6/23/23,Second instar,0.00133,6/30/23,0.118,2,9,0.222222222,U,,,,,,,,,7/6/23,,,,,,,,,,,,,,,,,,,,,,,
ML3A,1,ML,,ML3,inc,6/24/23,6/25/23,Second instar,0.001255,7/2/23,0.084,1,17,0.058823529,A,,,,,,,,,,,,,,,,,,,,,,,,,,,,,,,,
ML3B,1,ML,,ML3,inc,6/26/23,6/27/23,Second instar,0.0016,7/4/23,0.071,13,17,0.764705882,U,,,,,,,,,,,,,,,,,,,,,,,,,,,,,,,,
ML3C,1,ML,,ML3,inc,6/24/23,6/25/23,Second instar,0.001275,7/2/23,0.044,13,15,0.866666667,U,,,,,,,,,,,,,,,,,,,,,,,,,,,,,,,,
ML3D,1,ML,ML3D_FW_F,ML3,inc,6/22/23,6/23/23,Second instar,0.001537,6/30/23,0.131,3,8,0.375,U,7/6/23,7/20/23,14,14,0.5281,0.2335,,F,,N,21,75,85,23,85,66,was in the J position. We counted that as pupation,,,,,,1062.599,1002.046,2004.092,2125.198,4129.29,528.1,0.127891236,,,
ML3E,1,ML,,ML3,inc,6/22/23,6/23/23,Second instar,0.00145,6/30/23,0.08,9,11,0.818181818,U,,,,,,,,,,,,,,,,,,,,,,,,,,,,,,,,
ML3F,1,ML,,ML3,inc,,,,,,,,,,,,,,,,,,,,,,,,,,,,,,,,,,,,,,,,,,
ML3G,1,ML,,ML3,inc,6/26/23,6/27/23,Second instar,0.001132,7/4/23,0.087,11,16,0.6875,U,,,,,,,,,,,,,,,,,,,,,,,,,,,,,,,,
ML3H,1,ML,,ML3,inc,6/26/23,6/27/23,FIRST instar,0.000361,7/4/23,0.095,12,13,0.923076923,U,,,,,,,,,,,,,,,,,weight as of 72. Need to reqeigh on 7/4. 0,,,,,,,,,,,,,,,
ML3I,1,ML,,ML3,inc,,,,,,,,,,,,,,,,,,,,,,,,,,,,,,,,,,,,,,,,,,
ML3J,1,ML,,ML3,inc,6/22/23,6/23/23,Second instar,0.001867,6/30/23,0.14,7,8,0.875,U,,,,,,,,,,,,,,,,,,,,,,,,,,,,,,,,
ML3K,1,ML,ML3K_FW_F,ML3,inc,6/26/23,6/27/23,Second instar,0.000996,7/4/23,0.112,11,17,0.647058824,U,,7/22/23,,,0.4788,0.1663,,F,,N,21,75,85,22,79,58,,,,,,,1018.214,941.882,1883.764,2036.428,3920.192,478.8,0.122136875,,,
ML3L,1,ML,ML3L_FW_F,ML3,inc,6/22/23,6/25/23,FIRST instar,0.000483,7/2/23,0.105,6,11,0.545454546,U,7/9/23,7/20/23,17,11,0.6251,0.211,,M,,N,21,75,85,24,93,75,,,,,,,1013.209,941.017,1882.034,2026.418,3908.452,625.1,0.159935442,,,
ML1A,2,ML,,ML1,syr,7/14/23,7/14/23,first instar,0.0006,,,,,,,,,,,,,,,7/20/23,,21,76,83,22,80,60,missing,,,,,,,,,,,,,,,
ML1B,2,ML,ML1B_FW_LM_2,ML1,syr,7/16/23,7/16/23,first instar,0.000325,7/23/23,0.033,,,,,,,,,,,,,7/29/23,,,,,,,,dead,53.808,64.747,2.048,,,1137.644,1021.65,2043.3,2275.288,4318.588,,,,,
ML1C,2,ML,,ML1,inc,,,,,,,,,,,,,,,,,,,,,,,,,,,,,,,,,,,,,,,,,,
ML1D,2,ML,ML1DF_FW_LM_2,ML1,syr,7/14/23,7/14/23,first instar,0.00065,7/21/23,0.191,,,,,7/29/23,8/10/23,15,12,,0.1509,,F,,,20,73,87,23,92,64,,45.038,65.571,1.586,,broken,928.954,na,,1857.908,,,,,,
ML1E,2,ML,ML1E_FW_LM_2,ML1,syr,,,,,,,,,,,,,,,,,,,,,,,,,,,,51.277,63.792,2.19,,,1036.951,972.104,1944.208,2073.902,4018.11,,,,,
ML1F,2,ML,ML1F_FW_LM_2,ML1,inc,7/16/23,7/16/23,first instar,0.000267,7/23/23,,,,,,,,,,,,,,7/23/23,,,,,,,,missing,47.67,66.257,1.07,,,871.637,885.362,1770.724,1743.274,3513.998,,,,,
ML1G,2,ML,ML1G_FW_LM_2,ML1,inc,7/16/23,7/16/23,first instar,0.000357,7/23/23,0.022,,,,,,8/17/23,,,0.5926,0.1697,,M,,,20,74,85,23,97,69,,49.728,66.137,1.855,,,966.309,908.066,1816.132,1932.618,3748.75,592.6,0.15807936,,,
ML1H,2,ML,,ML1,inc,7/14/23,7/14/23,first instar,0.00024,7/21/23,0.097,,,,,7/31/23,8/14/23,17,14,0.5968,0.1969,,M,,,20,73,86,22,94,66,,48.459,65.789,2.075,,,938.528,950.831,1901.662,1877.056,3778.718,596.8,0.157937163,,,
ML1I,2,ML,ML1I_FW_LM_2,ML1,syr,7/14/23,7/14/23,first instar,0.000564,7/21/23,0.082,,,,,7/29/23,8/11/23,15,13,0.352,0.1191,,M,,,20,73,87,23,97,68,,49.056,66.606,1.835,,,,874.453,1748.906,,,352,,,,
ML1J,2,ML,ML1J_FW_LM_2,ML1,inc,7/16/23,7/16/23,first instar,0.000297,7/23/23,0.043,,,,,8/1/23,8/14/23,16,13,0.4401,0.1291,,M,,,20,73,86,23,97,59,,47.93,63.264,1.377,,,827.89,880.377,1760.754,1655.78,3416.534,440.1,0.128814758,,,
ML1K,2,ML,ML1K_FW_LM_2,ML1,inc,7/14/23,7/14/23,first instar,0.000244,7/21/23,0.095,,,,,7/30/23,8/14/23,16,15,0.4624,0.1673,,M,,,20,73,86,24,97,69,,52.101,64.067,2.08,,,1055.81,1012.24,2024.48,2111.62,4136.1,462.4,0.111796136,,,
ML1L,2,ML,,ML1,syr,7/16/23,7/17/23,first instar,0.001026,7/24/23,,,,,,,,,,,,,,7/24/23,,,,,,,,"check on this one 7/17 -> will probably need replacement, missing",,,,,,,,,,,,,,,
ML2A,2,ML,,ML2,syr,,,,,,,,,,,,,,,,,,,,,,,,,,,,,,,,,,,,,,,,,,
ML2B,2,ML,ML2B_FW_LM_2,ML2,inc,7/16/23,7/16/23,first instar,0.000698,7/23/23,0.08,,,,,8/1/23,8/16/23,16,15,0.3659,0.1149,,M,,,20,74,91,24,96,72,24 given on 7/24,45.691,65.75,1.93,,,792.805,733.874,1467.748,1585.61,3053.358,365.9,0.119835276,,,
ML2C,2,ML,,ML2,inc,7/16/23,7/17/23,first instar,0.000858,7/24/23,0.131,,,,,,,,,,,,,7/30/23,,,,,,,,"threw up a little green liquid, missing",,,,,,,,,,,,,,,
ML2D,2,ML,,ML2,syr,7/14/23,7/14/23,first instar,0.000565,7/21/23,,,,,,,,,,,,,,7/21/23,,,,,,,,missing,,,,,,,,,,,,,,,
ML2E,2,ML,,ML2,syr,7/16/23,7/16/23,first instar,0.000235,7/23/23,,,,,,,,,,,,,,7/23/23,,,,,,,,missing,,,,,,,,,,,,,,,
ML2F,2,ML,,ML2,inc,7/14/23,7/14/23,first instar,0.000249,7/21/23,0.113,,,,,,,,,,,,,7/30/23,,,,,,,,"green liquid, died",,,,,,,,,,,,,,,
ML2G,2,ML,ML2G_FW_LM_2,ML2,syr,7/14/23,7/14/23,first instar,0.000693,7/21/23,,,,,,7/30/23,8/13/23,16,14,0.4453,0.1602,,M,,,20,73,86,23,97,66,,53.147,67.767,2.119,,,1112.476,1121.88,2243.76,2224.952,4468.712,445.3,0.0996484,,,
ML2H,2,ML,ML2H_FW_LM_2,ML2,syr,7/14/23,7/14/23,first instar,0.000298,7/21/23,0.115,,,,,7/30/23,8/13/23,16,14,0.5253,0.1842,,M,,,20,73,85,22,97,66,,54.462,64.949,2.123,,,,1120.66,2241.32,,,525.3,,,,
ML2I,2,ML,,ML2,syr,7/16/23,7/16/23,first instar,0.000276,7/23/23,0.013,,,,,8/4/23,8/20/23,19,16,,,,,,,20,76,86,21,83,54,,,,,,,,,,,,,,,,
ML2J,2,ML,ML2J_FW_LM_2,ML2,inc,7/16/23,7/17/23,first instar,0.000596,7/24/23,0.129,,,,,8/1/23,8/14/23,16,13,0.5899,0.1586,,M,,,20,73,85,24,97,73,,50.379,63.944,2.446,,difficult to select all of the wing,987.304,941.623,1883.246,1974.608,3857.854,589.9,0.152908845,,,
ML2K,2,ML,,ML2,inc,,,,,,,,,,,,,,,,,,,,,,,,,,,,,,,,,,,,,,,,,,
ML2L,2,ML,,ML2,inc,7/14/23,7/14/23,first instar,0.000256,7/21/23,0.06,,,,,,,,,,,,,7/30/23,,,,,,,,"small, dead",,,,,,,,,,,,,,,
ML3A,2,ML,ML3A_FW_LM_2,ML3,inc,7/14/23,7/14/23,first instar,0.000419,7/21/23,0.112,,,,,7/30/23,8/14/23,16,15,0.3968,0.1514,,F,,,20,73,87,22,85,58,,47.966,65.888,1.21,,,835.954,758.906,1517.812,1671.908,3189.72,396.8,0.124399634,,,
ML3B,2,ML,,ML3,syr,7/14/23,7/14/23,first instar,0.000221,7/21/23,,,,,,,,,,,,,,7/21/23,,,,,,,,missing,,,,,,,,,,,,,,,
ML3C,2,ML,ML3C_FW_LM_2,ML3,syr,7/14/23,7/14/23,first instar,0.000769,7/21/23,0.103,,,,,7/30/23,8/11/23,16,12,0.4151,0.1529,,F,,,20,72,87,22,87,56,,49.403,67.942,1.49,,,950.325,944.571,1889.142,1900.65,3789.792,415.1,0.109531077,,,
ML3D,2,ML,ML3D_FW_LM_2,ML3,inc,,,,,,,,,,,,,,,,,,,,,,,,,,,,52.177,68.111,1.9,,,1058.831,1004.14,2008.28,2117.662,4125.942,382.2,0.092633391,,,
ML3E,2,ML,,ML3,syr,7/16/23,7/17/23,first instar,0.000361,7/24/23,,,,,,,,,,,,,,7/16/23,,,,,,,,lost 7/16,,,,,,,,,,,,,,,
ML3F,2,ML,ML3F_FW_LM_2,ML3,inc,7/14/23,7/14/23,first instar,0.000269,7/21/23,0.08,,,,,7/30/23,8/14/23,16,15,0.4308,0.1537,,M,,,20,73,86,24,96,71,plant 32 given 7/23,49.103,64.799,2.046,,,919.512,917.458,1834.916,1839.024,3673.94,430.8,0.117258311,,,
ML3G,2,ML,,ML3,syr,,,,,,,,,,,,,,,,,,,,,,,,,,,,,,,,,,,,,,,,,,
ML3H,2,ML,,ML3,inc,7/16/23,7/17/23,first instar,0.000609,7/24/23,0.031,,,,,,8/17/23,,,0.3822,0.142,,F,,,20,74,85,23,92,60,7/16: immobile,,,,,,,,,,,,,,,
ML3I,2,ML,,ML3,inc,7/16/23,7/17/23,first instar,0.000766,7/24/23,,,,,,,,,,,,,,7/24/23,,,,,,,,missing,,,,,,,,,,,,,,,
ML3J,2,ML,ML3J_FW_LM_2,ML3,syr,7/16/23,7/17/23,first instar,0.000523,7/24/23,0.072,,,,,8/1/23,8/14/23,16,13,0.5175,0.1605,,F,,,21,77,86,22,90,53,7/16: dead,50.654,67.684,1.544,,broken,936.887,893.596,1787.192,1873.774,3660.966,517.5,0.141356134,,,
ML3K,2,ML,ML3K_FW_LM_2,ML3,inc,7/16/23,7/17/23,first instar,0.00065,7/24/23,0.09,,,,,8/1/23,8/14/23,16,13,0.4873,0.1346,,M,,,20,77,84,22,93,54,,47.537,67.395,1.08,,,786.574,870.141,1740.282,1573.148,3313.43,487.3,0.147068144,,,
ML3L,2,ML,ML3L_FW_LM_2,ML3,syr,7/14/23,7/14/23,first instar,0.000736,7/21/23,0.083,,,,,7/30/23,8/12/23,16,13,0.4102,0.133,,M,,,20,74,85,24,96,67,,48.708,65.707,1.845,,,938.281,886.326,1772.652,1876.562,3649.214,410.2,0.112407768,,,
ML4A,2,ML,ML4A_FW_LM_2,ML4,syr,7/14/23,7/14/23,first instar,0.000905,7/21/23,0.227,,,,,7/28/23,8/10/23,14,13,,0.1506,,M,,,21,76,86,20,94,55,,48.962,69.59,1.976,,,919.976,895.753,1791.506,1839.952,3631.458,,,,,
ML4B,2,ML,ML4B_FW_LM-2,ML4,syr,7/14/23,7/14/23,first instar,0.000688,7/21/23,0.071,,,,,7/30/23,8/12/23,16,13,0.4396,0.1162,,F,,,20,74,84,23,79,57,,46.231,66.674,1.677,bent,,687.924,774.011,1548.022,1375.848,2923.87,439.6,0.150348682,,,
ML4C,2,ML,,ML4,inc,7/16/23,7/16/23,first instar,0.000223,7/23/23,,,,,,,,,,,,,,7/23/23,,,,,,,,missing,,,,,,,,,,,,,,,
ML4D,2,ML,,ML4,inc,7/14/23,7/14/23,first instar,0.000243,7/21/23,,,,,,,,,,,,,,7/21/23,,,,,,,,missing,,,,,,,,,,,,,,,
ML4E,2,ML,,ML4,syr,,,,,,,,,,,,,,,,,,,,,,,,,,,,,,,,,,,,,,,,,,
ML4F,2,ML,,ML4,inc,,,,,,,,,,,,,,,,,,,,,,,,,,,,,,,,,,,,,,,,,,
ML4G,2,ML,,ML4,inc,7/14/23,7/14/23,first instar,0.000277,7/21/23,,,,,,,,,,,,,,7/21/23,,20,75,87,22,89,60,missing,,,,,,,,,,,,,,,
ML4H,2,ML,,ML4,syr,7/16/23,7/17/23,first instar,0.00074,7/24/23,,,,,,,,,,,,,,7/24/23,,,,,,,,7/16: most likely dead. Check + replace on 7/17,,,,,,,,,,,,,,,
ML4I,2,ML,ML4I_FW_LM_2,ML4,inc,7/16/23,7/17/23,first instar,0.000469,7/24/23,0.052,,,,,8/2/23,8/15/23,17,13,0.487,0.1776,,M,,,20,72,87,22,96,71,,50.498,65.266,1.906,,,990.036,872.428,1744.856,1980.072,3724.928,487,0.130740782,,,
ML4J,2,ML,ML4J_FW_LM_2,ML4,inc,7/16/23,7/17/23,first instar,0.000439,7/24/23,0.072,,,,,8/2/23,8/15/23,17,13,0.5381,0.1862,,M,,,20,72,88,23,97,70,,50.594,63.392,2.154,,,1062.169,994.056,1988.112,2124.338,4112.45,538.1,0.130846576,,,
ML4K,2,ML,,ML4,syr,7/16/23,7/17/23,first instar,0.000398,7/24/23,,,,,,,,,,,,,,7/24/23,,,,,,,,missing,,,,,,,,,,,,,,,
ML4L,2,ML,ML4L_FW_LM_2,ML4,syr,7/14/23,7/14/23,first instar,0.000379,7/21/23,0.064,,,,,,8/17/23,,,0.4524,0.1637,,F,,,20,72,87,22,86,63,8/1: green liquid on,50.702,70.298,2.032,,,1018.526,974.814,1949.628,2037.052,3986.68,452.4,0.113477881,,,
ML1A,3,ML,,ML1,inc,,,,,,,,,,,,,,,,,,,,,,,,,,,,,,,,,,,,,,,,,,
ML1B,3,ML,ML1B_FW_LM_3,ML1,syr,8/1/23,8/2/23,First Instar,0.000441,8/9/23,0.03,,,,U,8/27/23,9/10/23,26,14,0.3924,,,M,,,,,,,,,,50.865,65.92,1.482,,,1017.288,991.429,1982.858,2034.576,4017.434,392.4,0.097674287,,,
ML1C,3,ML,ML1C_FW_LM_3,ML1,syr,8/2/23,8/3/23,First Instar,0.001155,8/10/23,,,,,,8/20/23,9/5/23,18,16,0.3294,,,M,,,21,77,86,21,98,61,,50.167,64.705,1.432,,,944.401,919.51,1839.02,1888.802,3727.822,329.4,0.088362588,,,
ML1D,3,ML,,ML1,syr,8/1/23,8/2/23,First Instar,0.000528,8/9/23,0.038,,,,U,8/23/23,,22,,,,,,,,,,,,,,,,,,,,,,,,,,,,,
ML1E,3,ML,ML1E_FW_LM_3,ML1,inc,8/1/23,8/2/23,First Instar,0.001644,8/9/23,0.103,,,,U,8/21/23,9/5/23,20,15,0.2986,,`,F,,,21,77,86,22,91,54,,46.231,62.745,1.129,,,808.17,792.777,1585.554,1616.34,3201.894,298.6,0.093257303,,,
ML1F,3,ML,ML1F_FW_LM_3,ML1,inc,8/1/23,8/2/23,First Instar,0.00149,8/9/23,0.057,,,,,8/22/23,9/7/23,21,16,0.3352,,,M,,,,,,,,,,46.659,64.933,1.775,,,790.251,787.018,1574.036,1580.502,3154.538,335.2,0.106259617,,,
ML1G,3,ML,ML1G_FW_LM_3,ML1,inc,8/1/23,8/2/23,First Instar,0.001709,8/9/23,0.064,,,,U,8/27/23,9/11/23,26,15,0.3202,,,F,,,,,,,,,,48.142,67.217,1.545,,,875.849,857.914,1715.828,1751.698,3467.526,320.2,0.092342494,,,
ML1H,3,ML,,ML1,inc,8/2/23,8/3/23,First Instar,0.001429,8/10/23,,,,,,,,,,,,,,8/10/23,,,,,,,,"Black, shrivilled, under leaf",,,,,,,,,,,,,,,
ML1I,3,ML,,ML1,syr,,,,,,,,,,,,,,,,,,,,,,,,,,,,,,,,,,,,,,,,,,
ML1J,3,ML,,ML1,syr,8/1/23,8/2/23,First Instar,0.000646,8/9/23,0.028,,,,U,,,,,,,,,,,,,,,,,,,,,,,,,,,,,,,,
ML1K,3,ML,,ML1,syr,8/2/23,8/3/23,First Instar,0.000948,8/10/23,0.099,,3,,U,,,,,,,,,,,,,,,,,,,,,,,,,,,,,,,,
ML1L,3,ML,ML1L_FW_LM_3,ML1,inc,8/2/23,8/3/23,First Instar,0.001151,8/10/23,0.053,,4,,U,8/26/23,9/9/23,24,14,0.3013,,,F,,,21,76,88,22,88,58,,44.539,66.758,1.704,,,768.513,801.915,1603.83,1537.026,3140.856,301.3,0.095929263,,,
ML2A,3,ML,ML2A_FW_LM_3,ML2,inc,8/1/23,8/2/23,First Instar,0.001213,8/9/23,0.084,,,,U,8/22/23,9/7/23,21,16,0.2417,,,F,,,21,76,87,22,91,57,,42.708,66.865,2.459,,,675.343,632.854,1265.708,1350.686,2616.394,241.7,0.092379053,,,
ML2B,3,ML,,ML2,syr,8/1/23,8/2/23,First Instar,0.000718,8/9/23,0.067,,,,U,,,,,,,,,,,,,,,,,,,,,,,,,,,,,,,,
ML2C,3,ML,ML2C_FW_LM_3,ML2,inc,8/1/23,8/2/23,First Instar,0.001209,8/9/23,0.081,,,,U,8/21/23,9/7/23,20,17,0.383,,,M,,,21,76,87,23,98,65,,49.946,62.116,1.604,,,926.654,902.228,1804.456,1853.308,3657.764,383,0.104708778,,,
ML2D,3,ML,ML2D_FW_LM_3,ML2,syr,8/2/23,8/3/23,First Instar,0.001081,8/10/23,0.06,,,,,8/21/23,9/7/23,19,17,0.3578,,,M,,,,,,,,,,52.61,62.064,1.559,,,1025.116,1001.117,2002.234,2050.232,4052.466,357.8,0.088291919,,,
ML2E,3,ML,ML2E_FW_LM_3.TPS,ML2,inc,8/1/23,8/2/23,First Instar,0.001477,8/9/23,0.052,,,,U,8/24/23,9/9/23,23,16,0.4422,,,M,,,21,76,88,21,96,63,,52.116,62.135,1.642,,,1007.522,983.703,1967.406,2015.044,3982.45,442.2,0.111037176,,,
ML2F,3,ML,ML2F_FW_LM_3,ML2,syr,8/2/23,8/3/23,First Instar,0.000388,8/10/23,0.109,,2,,,8/21/23,9/7/23,19,17,0.3242,,,M,,,21,77,87,21,96,62,,51.289,66.24,1.404,,,1032.646,1013.401,2026.802,2065.292,4092.094,324.2,0.079225942,,,
ML2G,3,ML,ML2G_FW_LM_3.TPS,ML2,inc,,,,,,,,,,,,,,,,,,,,,,,,,,,,,,,,,1136.273,1088.703,2177.406,2272.546,4449.952,,,,,
ML2H,3,ML,ML2H_FW_LM_3,ML2,syr,,,,,,,,,,,,,,,,,,,,,,,,,,,,,,,,,1044.716,1015.667,2031.334,2089.432,4120.766,,,,,
ML2I,3,ML,ML2I(right)_FW_LM_3.TPS,ML2,inc,8/1/23,8/2/23,First Instar,0.001298,8/9/23,0.077,,,,U,8/24/23,9/9/23,23,16,0.3143,,,F,,,21,76,85,21,85,53,,44.798,60.912,1.111,,,765.632,691.782,1383.564,1531.264,2914.828,314.3,0.107827975,,,
ML2J,3,ML,ML2J_FW_LM_3,ML2,syr,8/2/23,8/3/23,First Instar,0.001499,8/10/23,0.144,,6,,U,8/19/23,9/5/23,17,17,0.3109,,,F,,,21,77,85,21,93,52,,47.979,67.885,1.261,,,898.586,864.522,1729.044,1797.172,3526.216,310.9,0.088168167,,,
ML2K,3,ML,,ML2,syr,8/2/23,8/3/23,First Instar,0.00111,8/10/23,0.109,,2,,U,,,,,,,,,,,,,,,,,,,,,,,,,,,,,,,,
ML2L,3,ML,ML2L(right)_FW_LM_3,ML2,inc,8/2/23,8/3/23,First Instar,0.001209,8/10/23,0.128,,5,,U,8/24/23,9/9/23,22,16,0.3982,,,M,,,20,76,85,22,97,60,,50.199,63.458,1.318,,,1013.364,981.233,1962.466,2026.728,3989.194,398.2,0.099819663,,,
ML3A,3,ML,,ML3,inc,8/1/23,8/2/23,First Instar,0.001288,8/9/23,0.042,,,,U,,,,,,,,,,,,,,,,,,,,,,,,,,,,,,,,
ML3B,3,ML,ML3B_FW_LM_3,ML3,syr,8/1/23,8/2/23,First Instar,0.000815,8/9/23,0.086,,,,,8/21/23,9/5/23,20,15,0.2499,,,F,,,21,76,88,21,80,51,,46.18,67.186,1.249,,,833.454,779.461,1558.922,1666.908,3225.83,249.9,0.077468434,,,
ML3C,3,ML,,ML3,inc,,,,,,,,,,,,,,,,,,,,,,,,,,,,,,,,,,,,,,,,,,
ML3D,3,ML,ML3D_FW_LM_3,ML3,inc,8/1/23,8/2/23,First Instar,0.001325,8/9/23,,,,,,,,,,,,,,,,,,,,,,,,,,,,1061.745,992.308,1984.616,2123.49,4108.106,,,,,
ML3E,3,ML,ML3E_FW_LM_3,ML3,syr,8/1/23,8/2/23,First Instar,0.000521,8/9/23,0.057,,,,U,8/20/23,9/7/23,19,18,0.418,,,M,,,21,76,86,21,96,58,,47.43,63.314,1.514,,,890.532,880.79,1761.58,1781.064,3542.644,418,0.117990969,,,
ML3F,3,ML,ML3F_FW_LM_3,ML3,syr,8/2/23,8/3/23,First Instar,0.001238,8/10/23,0.067,,4,,U,8/24/23,9/9/23,22,16,0.3235,,,M,,,20,76,85,22,97,60,,51.069,61.911,1.683,,,945.543,871.404,1742.808,1891.086,3633.894,323.5,0.08902296,,,
ML3G,3,ML,ML3G_FW_LM_3,ML3,syr,8/2/23,8/3/23,First Instar,0.001342,8/10/23,0.124,,2,,U,8/19/23,9/4/23,17,16,0.2325,,,F,,,20,75,87,21,83,54,,48.397,64.591,1.39,broken,,797.649,764.801,1529.602,1595.298,3124.9,232.5,0.074402381,,,
ML3H,3,ML,ML3H_FW(1)_LM_3,ML3,syr,8/2/23,8/3/23,First Instar,0.000979,8/10/23,0.071,,5,,U,8/24/23,9/9/23,22,16,0.2943,,,M,,,20,76,85,21,98,52,,43.617,64.991,1.253,small break in wing,very damaged,867.831,na,,,,294.3,,,,
ML3I,3,ML,ML3I_FW_LM_3,ML3,inc,8/2/23,8/3/23,First Instar,0.00124,8/10/23,0.082,,,,,8/24/23,9/9/23,22,16,0.36,,,M,,,20,76,85,21,97,58,,48.594,54.3,0.43,broken,,,940.798,1881.596,,,360,,,,
ML3J,3,ML,ML3J_FW_LM_3,ML3,inc,8/2/23,8/3/23,First Instar,0.001216,8/10/23,0.099,,5,,A,8/22/23,9/7/23,20,16,0.2581,,,F,,,21,77,86,22,90,53,,45.282,66.92,1.463,,,720.823,689.312,1378.624,1441.646,2820.27,258.1,0.091516061,,,
ML3K,3,ML,ML3K_FW_LM_3,ML3,inc,8/1/23,8/2/23,First Instar,0.000757,8/9/23,0.045,,,,U,8/27/23,9/9/23,26,13,0.3889,,,F,,,,,,,,,,47.305,65.094,1.003,,,962.216,860.03,1720.06,1924.432,3644.492,388.9,0.106708973,,,
ML3L,3,ML,ML3L_FW_LM_3,ML3,syr,,,,,,,,,,,,,,,,,,,,,,,,,,,,,,,,,1024.542,941.314,1882.628,2049.084,3931.712,,,,,
ML4A,3,ML,ML4A_FW_LM_3,ML4,inc,8/1/23,8/2/23,First Instar,0.001261,8/9/23,0.132,,,,U,8/22/23,9/7/23,21,16,0.4328,,,M,,,20,74,86,23,97,72,,49.778,61.688,1.335,,,941.446,931.285,1862.57,1882.892,3745.462,432.8,0.115553168,,,
ML4B,3,ML,ML4B(right)_FW_LM_3,ML4,syr,8/1/23,8/2/23,First Instar,0.000334,8/9/23,0.066,,,,U,8/19/23,9/4/23,18,16,0.3199,,,F,,,20,76,85,21,81,52,,47.485,66.393,1.403,,,891.02,870.827,1741.654,1782.04,3523.694,319.9,0.090785409,,,
ML4C,3,ML,ML4C_FW_LM_3,ML4,syr,8/2/23,8/3/23,First Instar,0.001348,8/10/23,0.097,,2,,U,8/21/23,9/5/23,19,15,0.3163,,,F,,,21,75,87,21,88,56,,49.609,65.949,1.603,,,946.39,885.859,1771.718,1892.78,3664.498,316.3,0.086314688,,,
ML4D,3,ML,,ML4,inc,8/1/23,8/2/23,First Instar,0.000698,8/9/23,,,,,,,,,,,,,,,,,,,,,,,,,,,,,,,,,,,,,
ML4E,3,ML,ML4E_FW_LM_3,ML4,syr,8/1/23,8/2/23,First Instar,0.000695,8/9/23,0.087,,,,U,8/22/23,9/5/23,21,14,0.2816,,,F,,,21,76,87,21,94,58,,46.167,67.998,1.408,,,853.15,756.301,1512.602,1706.3,3218.902,281.6,0.087483247,,,
ML4F,3,ML,,ML4,syr,,,,,,,,,,,,,,,,,,,,,,,,,,,,,,,,,,,,,,,,,,
ML4G,3,ML,ML4G_FW_LM_3,ML4,syr,8/2/23,8/3/23,First Instar,0.000968,8/10/23,0.121,,4,,U,8/22/23,9/5/23,20,14,0.2646,,,F,,,21,75,91,21,77,57,,47.288,67.692,1.806,,,899.164,818.533,1637.066,1798.328,3435.394,264.6,0.077021733,,,
ML4H,3,ML,,ML4,inc,8/1/23,8/2/23,First Instar,0.000792,8/9/23,0.063,,,,,,,,,,,,,,,,,,,,,,,,,,,,,,,,,,,,
ML4I,3,ML,ML4I_FW_LM_3,ML4,inc,8/2/23,8/3/23,First Instar,0.001058,8/10/23,0.018,,4,,U,8/27/23,9/11/23,25,15,0.3463,,,F,,,21,77,87,22,90,62,,46.361,65.031,2.76,,very slightly broken,865.476,767.47,1534.94,1730.952,3265.892,346.3,0.10603535,,,
ML4J,3,ML,ML4J_FW_LM_3,ML4,inc,8/2/23,8/3/23,First Instar,0.001487,8/10/23,0.078,,4,,U,8/24/23,9/9/23,22,16,0.3399,,,F,,,21,77,85,23,90,56,,48.717,64.489,2.366,,,917.942,850.39,1700.78,1835.884,3536.664,339.9,0.096107518,,,
ML4K,3,ML,ML3K_FW(2)_3,ML4,syr,8/1/23,8/2/23,First Instar,0.000611,8/9/23,0.071,,,,U,,,,,,,,,,,,,,,,,,,,,,,,,,,,,,,,
ML4L,3,AL,,ML4,inc,,,,,,,,,,,,,,,,,,,,,,,,,,,,,,,,,,,,,,,,,,
AL1D,4,AL,,AL1,syr,7/23/24,7/24/24,,0.481,,,,,,,8/12/24,8/30/24,20,18,0.2852,,,M,9/6/24,,,,,,,,,59.846,,,,,1333.664,,,2667.328,,285.2,,,,
AL4A,4,AL,,AL4,syr,7/23/24,7/24/24,,0.415,,,,,,,,,,,,,,,,,,,,,,,,,,,,,,,,,,0,,,,
ML2E,4,ML,,ML2,syr,7/23/24,7/24/24,,0.711,,,,,,,8/8/24,8/22/24,16,14,,,,,,,,,,,,,,,,,,,,,,,,0,,,,
AL2G,4,AL,,AL2,syr,7/23/24,7/24/24,,0.534,,,,,,,,,,,0.3392,,,M,,,,,,,,,,57.664,,,,,1101.817,1142.309,2284.618,2203.634,4488.252,339.2,0.075575079,,,
ML2F,4,ML,,ML2,syr,7/23/24,7/24/24,,0.618,,,,,,,8/8/24,8/22/24,16,14,,,,,,,,,,,,,,,,,,,,,,,,0,,,,
ML1B,4,ML,,ML1,syr,7/23/24,7/24/24,,0.724,,,,,,,8/8/24,8/22/24,16,14,0.3625,,,F,,,,,,,,,,57.278,,,,,1055.582,1021.073,2042.146,2111.164,4153.31,362.5,0.087279784,19,34,53
ML3F,4,ML,,ML3,syr,7/23/24,7/24/24,,0.409,,,,,,,,,,,,,,,,,,,,,,,,,,,,,,,,,,0,,,,
AL1E,4,AL,,AL1,syr,7/23/24,7/24/24,,0.445,,,,,,,8/12/24,8/24/24,20,12,0.3972,,,F,,,,,,,,,,59.055,,,,,1182.879,1138.901,2277.802,2365.758,4643.56,397.2,0.08553782,36,21,57
AL2F,4,AL,,AL2,syr,7/23/24,7/24/24,,0.333,,,,,,,,8/31/24,,,0.4489,,,F,,,,,,,,,,57.118,,,,,1224.528,1227.694,2455.388,2449.056,4904.444,448.9,0.091529233,0,0,0
ML2D,4,ML,,ML2,syr,7/23/24,7/24/24,,0.329,,,,,,,8/12/24,8/24/24,20,12,0.3257,,,F,,,,,,,,,,55.795,,,,,1031.61,952.664,1905.328,2063.22,3968.548,325.7,0.082070319,0,0,0
AL4E,4,AL,,AL4,syr,7/23/24,7/24/24,,0.374,,,,,,,8/12/24,8/30/24,20,18,0.4136,,,F,,,,,,,,,,59.33,,,,,1198.529,1137.314,2274.628,2397.058,4671.686,413.6,0.088533347,0,0,0
AL4H,4,AL,,AL4,syr,7/23/24,7/24/24,,0.331,,,,,,,,,,,,,,,,,,,,,,,,,,,,,,,,,,,,,,
ML1F,4,ML,,ML1,syr,7/23/24,7/24/24,,0.384,,,,,,,,,,,,,,F,,,,,,,,,,,,,,,,,,,,,,,,
ML2G,4,ML,,ML2,syr,7/23/24,7/24/24,,0.338,,,,,,,,,,,,,,,,,,,,,,,,,,,,,,,,,,,,,,
ML4G,4,ML,,ML4,syr,7/23/24,7/24/24,,0.32,,,,,,,,,,,,,,,,,,,,,,,,,,,,,,,,,,,,,,
AL1F,4,AL,,AL1,syr,7/23/24,7/24/24,,0.337,,,,,,,8/8/24,8/27/24,16,19,0.3854,,,F,,,,,,,,,,59.508,,,,,1213.388,1160.558,2321.116,2426.776,4747.892,385.4,0.081172866,0,30,30
ML4C,4,ML,,ML4,syr,7/23/24,7/24/24,,0.367,,,,,,,8/12/24,8/27/24,20,15,0.3877,,,M,,,,,,,,,,56.632,,,,,1119.464,1063.944,2127.888,2238.928,4366.816,387.7,0.088783223,,,
AL3C,4,AL,,AL3,syr,7/26/24,7/27/24,,0.31,,,,,,,,,,,,,,,,,,,,,,,,,,,,,,,,,,,,,,
AL1H,4,AL,,AL1,syr,7/26/24,7/27/24,,0.306,,,,,,,,8/30/24,,,0.4972,,,M,,,,,,,,,,60.678,,,,,1190.927,1197.791,2395.582,2381.854,4777.436,497.2,0.104072561,,,
AL3B,4,AL,,AL3,syr,7/26/24,7/27/24,,0.295,,,,,,,,,,,,,,,,,,,,,,,,,,,,,,,,,,,,,,
ML4B,4,ML,,ML4,syr,7/26/24,7/27/24,,0.372,,,,,,,,,,,0.2418,,,F,9/6/24,,,,,,,,,55.642,,,,,1025.908,913.883,1827.766,2051.816,3879.582,241.8,0.062326302,0,0,0
ML2C,4,ML,,ML2,syr,7/26/24,7/27/24,,0.277,,,,,,,,8/23/24,,,,,,,,,,,,,,,,,,,,,,,,,,,,,,
ML3E,4,ML,,ML3,syr,7/26/24,7/27/24,,0.232,,,,,,,,,,,,,,,,,,,,,,,,,,,,,,,,,,,,,,
AL4C,4,AL,,AL4,syr,7/26/24,7/27/24,,0.33,,,,,,,,,,,,,,,,,,,,,,,,,,,,,,,,,,,,,,
AL3D,4,AL,,AL3,syr,7/26/24,7/27/24,,0.339,,,,,,,,8/30/24,,,0.4342,,,F,,,,,,,,,,,,,,,,,,,,434.2,,8,20,28
ML4F,4,ML,,ML4,syr,7/26/24,7/27/24,,0.361,,,,,,,,,,,,,,,,,,,,,,,,,,,,,,,,,,,,,,
ML1H,4,ML,,ML1,syr,7/26/24,7/27/24,,0.491,,,,,,,8/12/24,8/30/24,17,18,0.2847,,,F,8/30/24,,,,,,,,,,,,,,,,,,,284.7,,0,0,0
AL2C,4,AL,,AL2,syr,7/26/24,7/27/24,,0.409,,,,,,,,8/30/24,,,,,,,,,,,,,,,,57.615,,,,,1188.908,1135.881,2271.762,2377.816,4649.578,,,0,0,0
AL3F,4,AL,,AL3,syr,7/26/24,7/27/24,,0.304,,,,,,,,,,,,,,,,,,,,,,,,,,,,,,,,,,,,,,
ML3G,4,ML,,ML3,syr,7/26/24,7/27/24,,0.317,,,,,,,,,,,,,,,,,,,,,,,,,,,,,,,,,,,,,,